<TICKER>,<PER>,<DATE>,<TIME>,<OPEN>,<HIGH>,<LOW>,<CLOSE>,<VOL>
ICE.BRN,D,02/01/15,000000,58.0200000,58.5400000,55.4800000,56.5100000,107874
ICE.BRN,D,04/01/15,000000,56.2500000,56.3000000,55.7400000,55.8000000,532
ICE.BRN,D,05/01/15,000000,55.7700000,56.1400000,52.6600000,53.1500000,169531
ICE.BRN,D,06/01/15,000000,53.2000000,53.6000000,50.5200000,50.9000000,201593
ICE.BRN,D,07/01/15,000000,51.1400000,51.8400000,49.6600000,51.0200000,185120
ICE.BRN,D,08/01/15,000000,51.0600000,51.9100000,49.8100000,51.0500000,157255
ICE.BRN,D,09/01/15,000000,51.2500000,51.4400000,48.9000000,49.9500000,126043
ICE.BRN,D,11/01/15,000000,49.9300000,49.9800000,49.3600000,49.3800000,650
ICE.BRN,D,12/01/15,000000,49.4100000,49.5800000,47.1600000,47.2000000,140690
ICE.BRN,D,13/01/15,000000,47.0500000,47.2900000,45.1900000,46.7900000,106710
ICE.BRN,D,14/01/15,000000,46.8400000,49.2100000,45.5900000,48.6100000,48380
ICE.BRN,D,15/01/15,000000,48.6800000,50.6200000,47.0000000,48.3600000,6549
ICE.BRN,D,16/01/15,000000,48.2500000,50.4100000,48.0700000,49.9000000,198321
ICE.BRN,D,18/01/15,000000,50.1000000,50.3500000,49.8600000,49.9100000,359
ICE.BRN,D,19/01/15,000000,49.9200000,50.3400000,48.6800000,48.8500000,68313
ICE.BRN,D,20/01/15,000000,48.9100000,49.4800000,47.7800000,48.1700000,175030
ICE.BRN,D,21/01/15,000000,48.3000000,49.5900000,48.2100000,48.7500000,188872
ICE.BRN,D,22/01/15,000000,48.6000000,50.4500000,48.0200000,49.0000000,214697
ICE.BRN,D,23/01/15,000000,49.1100000,49.8000000,48.5500000,48.5500000,150208
ICE.BRN,D,25/01/15,000000,48.5600000,48.5800000,47.8500000,47.9700000,1449
ICE.BRN,D,26/01/15,000000,47.9000000,49.2900000,47.5700000,48.1100000,150765
ICE.BRN,D,27/01/15,000000,48.2500000,49.9900000,47.6800000,49.2600000,164211
ICE.BRN,D,28/01/15,000000,49.1000000,49.7200000,48.2900000,48.6500000,139893
ICE.BRN,D,29/01/15,000000,48.6900000,49.2500000,48.3700000,49.0500000,126508
ICE.BRN,D,30/01/15,000000,49.1500000,53.0800000,48.7600000,52.9500000,241857
ICE.BRN,D,01/02/15,000000,52.6000000,52.6800000,51.5000000,52.1000000,668
ICE.BRN,D,02/02/15,000000,52.1000000,55.6200000,51.4100000,54.8500000,259227
ICE.BRN,D,03/02/15,000000,55.0000000,60.0800000,54.8400000,58.0200000,89994
ICE.BRN,D,04/02/15,000000,59.1000000,59.1100000,54.5400000,55.4700000,82704
ICE.BRN,D,05/02/15,000000,55.8500000,58.7800000,54.0600000,57.8700000,109455
ICE.BRN,D,06/02/15,000000,57.6700000,59.9000000,57.6700000,59.0900000,79280
ICE.BRN,D,08/02/15,000000,57.9300000,59.0600000,57.9000000,58.6000000,1010
ICE.BRN,D,09/02/15,000000,58.5600000,60.5900000,57.9800000,58.8300000,105882
ICE.BRN,D,10/02/15,000000,58.8700000,59.6200000,57.1900000,57.9700000,132258
ICE.BRN,D,11/02/15,000000,58.1500000,58.1500000,55.1600000,56.3000000,185626
ICE.BRN,D,12/02/15,000000,56.3300000,59.9100000,56.0700000,59.2400000,216467
ICE.BRN,D,13/02/15,000000,59.2700000,61.7700000,59.0800000,61.4100000,185575
ICE.BRN,D,15/02/15,000000,61.4900000,62.3200000,61.4900000,62.0300000,698
ICE.BRN,D,16/02/15,000000,62.0300000,62.5700000,60.7100000,61.6000000,70978
ICE.BRN,D,17/02/15,000000,61.6800000,63.0000000,60.2700000,62.2900000,167588
ICE.BRN,D,18/02/15,000000,62.3000000,62.4600000,59.2500000,59.4600000,139605
ICE.BRN,D,19/02/15,000000,59.5400000,60.9900000,57.8000000,60.2100000,188491
ICE.BRN,D,20/02/15,000000,60.2000000,61.1500000,59.8200000,60.1000000,113940
ICE.BRN,D,22/02/15,000000,60.0400000,60.0400000,59.7400000,59.8900000,352
ICE.BRN,D,23/02/15,000000,59.9100000,60.6700000,58.3700000,59.0000000,192314
ICE.BRN,D,24/02/15,000000,59.0900000,60.2900000,58.1000000,58.7500000,163766
ICE.BRN,D,25/02/15,000000,58.7500000,62.2000000,58.4100000,61.9100000,169462
ICE.BRN,D,26/02/15,000000,61.8500000,62.6300000,59.6600000,60.5200000,188749
ICE.BRN,D,27/02/15,000000,60.7500000,62.8300000,60.5100000,62.4800000,150323
ICE.BRN,D,01/03/15,000000,62.8300000,62.9500000,62.5400000,62.8900000,41
ICE.BRN,D,02/03/15,000000,62.8300000,62.9600000,60.0400000,60.6700000,45516
ICE.BRN,D,03/03/15,000000,60.6400000,62.5200000,60.4700000,61.7500000,46776
ICE.BRN,D,04/03/15,000000,61.5400000,61.6900000,60.2400000,61.1200000,34378
ICE.BRN,D,05/03/15,000000,61.1900000,62.1000000,60.5800000,61.1300000,36029
ICE.BRN,D,06/03/15,000000,61.1900000,61.7500000,59.6700000,60.2600000,44012
ICE.BRN,D,08/03/15,000000,60.0500000,60.1300000,59.6800000,59.7500000,153
ICE.BRN,D,09/03/15,000000,59.7600000,60.5000000,58.9500000,59.1100000,58942
ICE.BRN,D,10/03/15,000000,58.9500000,59.2600000,56.6200000,56.9100000,79311
ICE.BRN,D,11/03/15,000000,56.9300000,58.2500000,56.3500000,58.2200000,93513
ICE.BRN,D,12/03/15,000000,58.2300000,59.1500000,56.7500000,57.1800000,109389
ICE.BRN,D,13/03/15,000000,57.2500000,57.6000000,54.7500000,54.8900000,124306
ICE.BRN,D,15/03/15,000000,54.6600000,54.8400000,53.6400000,53.9900000,1461
ICE.BRN,D,16/03/15,000000,53.9900000,55.0100000,52.6500000,54.1500000,158183
ICE.BRN,D,17/03/15,000000,54.1000000,54.3800000,52.5700000,53.3000000,132840
ICE.BRN,D,18/03/15,000000,53.2800000,56.8400000,52.6800000,56.2700000,185587
ICE.BRN,D,19/03/15,000000,56.1800000,56.2000000,53.9100000,54.4600000,139341
ICE.BRN,D,20/03/15,000000,54.4600000,55.6700000,53.5500000,55.2200000,125736
ICE.BRN,D,22/03/15,000000,55.2400000,55.2900000,54.6500000,54.7000000,187
ICE.BRN,D,23/03/15,000000,54.7200000,56.1900000,54.1200000,55.8900000,148694
ICE.BRN,D,24/03/15,000000,55.8300000,56.7900000,54.8500000,55.3100000,160607
ICE.BRN,D,25/03/15,000000,55.0900000,57.1700000,54.7000000,56.3800000,163845
ICE.BRN,D,26/03/15,000000,56.3500000,59.7800000,56.3000000,58.8600000,207161
ICE.BRN,D,27/03/15,000000,58.9700000,59.0400000,55.9500000,56.1200000,138166
ICE.BRN,D,29/03/15,000000,55.9600000,56.2200000,55.5700000,55.9400000,750
ICE.BRN,D,30/03/15,000000,55.9400000,56.6500000,55.2000000,56.5600000,134865
ICE.BRN,D,31/03/15,000000,56.3100000,56.3300000,54.7200000,55.1000000,190662
ICE.BRN,D,01/04/15,000000,55.1700000,57.6900000,54.7000000,56.6700000,164197
ICE.BRN,D,02/04/15,000000,56.7200000,58.3200000,55.1200000,56.2300000,72594
ICE.BRN,D,05/04/15,000000,56.2100000,56.7100000,56.2100000,56.4700000,86
ICE.BRN,D,06/04/15,000000,56.4800000,59.4300000,55.6900000,59.0100000,48096
ICE.BRN,D,07/04/15,000000,59.3000000,60.3200000,58.1700000,59.6600000,90644
ICE.BRN,D,08/04/15,000000,59.3500000,59.7500000,56.6100000,57.2900000,81979
ICE.BRN,D,09/04/15,000000,57.3000000,59.1600000,57.1000000,57.9200000,90784
ICE.BRN,D,10/04/15,000000,57.8800000,59.1800000,57.3300000,59.1000000,94513
ICE.BRN,D,12/04/15,000000,59.0800000,59.0800000,58.8700000,58.8900000,42
ICE.BRN,D,13/04/15,000000,58.9200000,60.5900000,58.5600000,59.0500000,127394
ICE.BRN,D,14/04/15,000000,59.1400000,60.4400000,58.9500000,60.1700000,136977
ICE.BRN,D,15/04/15,000000,60.0600000,63.4700000,60.0300000,62.7100000,190261
ICE.BRN,D,16/04/15,000000,62.9000000,64.9500000,62.0000000,63.9400000,179529
ICE.BRN,D,17/04/15,000000,64.0200000,64.5000000,62.9500000,63.7200000,138694
ICE.BRN,D,19/04/15,000000,63.8500000,64.0000000,63.7400000,64.0000000,353
ICE.BRN,D,20/04/15,000000,64.0000000,64.4000000,62.1000000,63.4800000,166844
ICE.BRN,D,21/04/15,000000,63.5200000,63.5200000,61.6500000,61.7800000,121388
ICE.BRN,D,22/04/15,000000,61.9000000,63.3300000,61.3900000,62.8500000,138161
ICE.BRN,D,23/04/15,000000,62.8800000,65.5800000,62.2200000,64.7500000,188240
ICE.BRN,D,24/04/15,000000,64.7500000,65.8000000,64.4800000,65.4900000,132798
ICE.BRN,D,26/04/15,000000,65.4700000,65.4900000,65.3400000,65.4400000,136
ICE.BRN,D,27/04/15,000000,65.4600000,65.6100000,64.4000000,64.6500000,102984
ICE.BRN,D,28/04/15,000000,64.7400000,65.4900000,63.9000000,64.5700000,124081
ICE.BRN,D,29/04/15,000000,64.6400000,66.7200000,64.1300000,65.6000000,160228
ICE.BRN,D,30/04/15,000000,65.6300000,66.9300000,65.3700000,66.8000000,142079
ICE.BRN,D,01/05/15,000000,66.7800000,66.9300000,65.5200000,66.5100000,90243
ICE.BRN,D,03/05/15,000000,67.2400000,67.3600000,67.2400000,67.3300000,4
ICE.BRN,D,04/05/15,000000,67.1300000,67.8500000,66.7300000,67.1100000,18996
ICE.BRN,D,05/05/15,000000,67.2000000,69.1300000,66.9100000,68.3400000,46309
ICE.BRN,D,06/05/15,000000,68.4300000,69.6300000,67.3500000,67.4500000,160709
ICE.BRN,D,07/05/15,000000,67.3700000,69.1700000,65.8800000,66.3200000,63528
ICE.BRN,D,08/05/15,000000,66.1600000,66.4400000,64.2300000,65.5900000,168381
ICE.BRN,D,10/05/15,000000,66.1500000,66.2100000,66.1300000,66.1300000,17
ICE.BRN,D,11/05/15,000000,66.0900000,66.5300000,65.0100000,65.5100000,74703
ICE.BRN,D,12/05/15,000000,65.5000000,67.9500000,65.4000000,67.8200000,123281
ICE.BRN,D,13/05/15,000000,67.8300000,68.5200000,66.8700000,67.0400000,148770
ICE.BRN,D,14/05/15,000000,66.9700000,67.8200000,66.2600000,66.6500000,151194
ICE.BRN,D,15/05/15,000000,66.7500000,67.0000000,65.3700000,66.8600000,151347
ICE.BRN,D,17/05/15,000000,66.9100000,67.0000000,66.9100000,66.9100000,35
ICE.BRN,D,18/05/15,000000,66.9100000,67.8800000,65.9200000,66.3000000,136598
ICE.BRN,D,19/05/15,000000,66.1900000,66.3900000,63.9500000,64.4500000,162704
ICE.BRN,D,20/05/15,000000,64.4900000,65.1800000,64.1000000,64.9600000,149310
ICE.BRN,D,21/05/15,000000,64.8900000,66.8800000,64.8300000,66.4800000,159989
ICE.BRN,D,22/05/15,000000,66.6000000,66.6400000,65.1000000,65.5700000,120952
ICE.BRN,D,24/05/15,000000,65.5600000,65.6000000,65.4300000,65.4900000,60
ICE.BRN,D,25/05/15,000000,65.5500000,66.2200000,64.7200000,65.9000000,30299
ICE.BRN,D,26/05/15,000000,65.7000000,65.7000000,63.2900000,63.8900000,172510
ICE.BRN,D,27/05/15,000000,63.8900000,64.6700000,61.9600000,62.2500000,155707
ICE.BRN,D,28/05/15,000000,62.2000000,62.9500000,61.2400000,62.8500000,154512
ICE.BRN,D,29/05/15,000000,62.8900000,65.8300000,62.6800000,65.4500000,233363
ICE.BRN,D,31/05/15,000000,65.5600000,65.6000000,65.1100000,65.1900000,260
ICE.BRN,D,01/06/15,000000,65.2400000,65.8000000,64.2500000,64.9800000,123348
ICE.BRN,D,02/06/15,000000,64.9000000,66.5000000,64.7100000,66.1000000,57554
ICE.BRN,D,03/06/15,000000,66.1100000,66.1200000,64.2600000,64.4600000,52321
ICE.BRN,D,04/06/15,000000,64.5600000,64.7400000,62.4800000,62.8100000,49409
ICE.BRN,D,05/06/15,000000,62.7800000,64.1200000,61.6700000,63.9200000,67652
ICE.BRN,D,07/06/15,000000,63.5600000,63.8400000,63.5600000,63.6900000,121
ICE.BRN,D,08/06/15,000000,63.6600000,64.0400000,63.0400000,63.1900000,50019
ICE.BRN,D,09/06/15,000000,63.3200000,65.7900000,63.3000000,65.7200000,86191
ICE.BRN,D,10/06/15,000000,65.8000000,66.9400000,65.4400000,66.0900000,85495
ICE.BRN,D,11/06/15,000000,66.1100000,66.7100000,65.2000000,65.4700000,94768
ICE.BRN,D,12/06/15,000000,65.5000000,65.6300000,64.5200000,64.5200000,111160
ICE.BRN,D,14/06/15,000000,64.3700000,64.4400000,64.1500000,64.1500000,590
ICE.BRN,D,15/06/15,000000,64.1500000,64.7600000,63.3700000,63.9400000,182335
ICE.BRN,D,16/06/15,000000,63.8000000,64.4100000,63.4200000,63.6700000,159921
ICE.BRN,D,17/06/15,000000,63.6000000,65.4700000,62.6000000,63.7000000,214198
ICE.BRN,D,18/06/15,000000,63.7400000,64.9600000,63.4500000,64.3400000,130746
ICE.BRN,D,19/06/15,000000,64.2000000,64.5600000,62.3400000,62.7500000,141260
ICE.BRN,D,21/06/15,000000,62.5700000,62.8600000,62.5400000,62.7100000,269
ICE.BRN,D,22/06/15,000000,62.6900000,63.7400000,62.1000000,63.2500000,127078
ICE.BRN,D,23/06/15,000000,63.2100000,64.8900000,62.7600000,64.5300000,187042
ICE.BRN,D,24/06/15,000000,64.6900000,65.0500000,63.0100000,63.5800000,165352
ICE.BRN,D,25/06/15,000000,63.5000000,63.9500000,62.7200000,63.4300000,114915
ICE.BRN,D,26/06/15,000000,63.3400000,63.6200000,62.5000000,63.0500000,121564
ICE.BRN,D,28/06/15,000000,62.8500000,62.8800000,62.4000000,62.5600000,1973
ICE.BRN,D,29/06/15,000000,62.5500000,62.9600000,61.3500000,61.9900000,180685
ICE.BRN,D,30/06/15,000000,61.7700000,63.8300000,61.7100000,63.1400000,137841
ICE.BRN,D,01/07/15,000000,63.0200000,63.3500000,61.8400000,62.0200000,143874
ICE.BRN,D,02/07/15,000000,61.9200000,63.6400000,61.9200000,62.2900000,52715
ICE.BRN,D,03/07/15,000000,62.2800000,62.5600000,60.6300000,61.0900000,28778
ICE.BRN,D,05/07/15,000000,60.4500000,60.5400000,59.8800000,60.2900000,339
ICE.BRN,D,06/07/15,000000,60.1500000,60.4600000,56.8700000,57.1400000,83385
ICE.BRN,D,07/07/15,000000,57.3000000,58.3100000,55.6000000,58.0000000,106823
ICE.BRN,D,08/07/15,000000,57.7500000,58.1500000,56.3500000,57.6300000,90353
ICE.BRN,D,09/07/15,000000,57.5200000,59.5000000,57.3100000,58.7300000,95810
ICE.BRN,D,10/07/15,000000,58.8700000,59.9000000,58.1500000,58.8900000,73680
ICE.BRN,D,12/07/15,000000,58.5900000,58.5900000,58.1000000,58.1900000,952
ICE.BRN,D,13/07/15,000000,58.1600000,59.1400000,57.1600000,58.1400000,135767
ICE.BRN,D,14/07/15,000000,58.0500000,58.9800000,56.7500000,58.9400000,153200
ICE.BRN,D,15/07/15,000000,58.8000000,58.9800000,56.9200000,57.3700000,148113
ICE.BRN,D,16/07/15,000000,57.3600000,58.0000000,56.8600000,56.9500000,160155
ICE.BRN,D,17/07/15,000000,56.9400000,57.3500000,56.4000000,57.0100000,118060
ICE.BRN,D,19/07/15,000000,57.1200000,57.2700000,56.9700000,57.1600000,170
ICE.BRN,D,20/07/15,000000,57.1400000,57.4400000,56.3300000,56.5400000,98584
ICE.BRN,D,21/07/15,000000,56.5500000,57.4400000,56.3300000,56.9800000,111671
ICE.BRN,D,22/07/15,000000,56.8800000,56.9000000,55.9200000,56.0900000,151204
ICE.BRN,D,23/07/15,000000,56.0400000,56.5300000,55.1000000,55.4100000,124575
ICE.BRN,D,24/07/15,000000,55.3900000,55.6000000,54.3000000,54.5600000,112078
ICE.BRN,D,26/07/15,000000,54.4500000,54.6900000,54.4500000,54.6200000,99
ICE.BRN,D,27/07/15,000000,54.6100000,54.8900000,52.8300000,52.9600000,121382
ICE.BRN,D,28/07/15,000000,53.0800000,54.0800000,52.2800000,52.9800000,187790
ICE.BRN,D,29/07/15,000000,53.0000000,54.3300000,52.5100000,53.5500000,188678
ICE.BRN,D,30/07/15,000000,53.5200000,54.3800000,53.0200000,53.3800000,123520
ICE.BRN,D,31/07/15,000000,53.4300000,53.4700000,51.6300000,51.8500000,126332
ICE.BRN,D,02/08/15,000000,51.5500000,51.9300000,51.5000000,51.7000000,446
ICE.BRN,D,03/08/15,000000,51.7400000,52.0100000,49.3600000,49.5900000,183300
ICE.BRN,D,04/08/15,000000,49.7000000,50.4500000,49.5800000,50.2800000,129984
ICE.BRN,D,05/08/15,000000,50.1400000,50.9900000,49.0200000,49.7200000,181731
ICE.BRN,D,06/08/15,000000,49.7200000,49.8300000,48.8800000,49.5900000,150454
ICE.BRN,D,07/08/15,000000,49.6200000,50.0600000,48.4200000,48.4900000,117621
ICE.BRN,D,09/08/15,000000,48.4300000,48.4500000,48.2600000,48.4200000,502
ICE.BRN,D,10/08/15,000000,48.4200000,50.4900000,48.2400000,50.3000000,143006
ICE.BRN,D,11/08/15,000000,50.2200000,51.6900000,49.1800000,49.8700000,114102
ICE.BRN,D,12/08/15,000000,49.9000000,50.5300000,49.2800000,50.2100000,167527
ICE.BRN,D,13/08/15,000000,50.3800000,50.8300000,49.2500000,49.6500000,169793
ICE.BRN,D,14/08/15,000000,49.4800000,49.8300000,48.6500000,48.7700000,172496
ICE.BRN,D,16/08/15,000000,48.7200000,48.8100000,48.6000000,48.6200000,312
ICE.BRN,D,17/08/15,000000,48.6400000,49.4400000,48.3500000,48.5700000,135366
ICE.BRN,D,18/08/15,000000,48.5500000,49.0400000,48.2500000,48.6500000,119917
ICE.BRN,D,19/08/15,000000,48.5000000,49.1100000,46.7800000,46.8800000,170610
ICE.BRN,D,20/08/15,000000,47.0300000,47.3800000,46.0300000,46.2500000,140080
ICE.BRN,D,21/08/15,000000,46.3400000,46.5100000,45.0700000,45.4300000,165580
ICE.BRN,D,23/08/15,000000,45.3500000,45.4600000,45.2400000,45.4200000,286
ICE.BRN,D,24/08/15,000000,45.3600000,45.3600000,42.2300000,42.4500000,235405
ICE.BRN,D,25/08/15,000000,42.7900000,44.5000000,42.6800000,43.5000000,198068
ICE.BRN,D,26/08/15,000000,43.3200000,43.7600000,42.8100000,43.6400000,200254
ICE.BRN,D,27/08/15,000000,43.7500000,47.7500000,43.7000000,47.4000000,252451
ICE.BRN,D,28/08/15,000000,47.4000000,50.9800000,46.6100000,49.9300000,415577
ICE.BRN,D,30/08/15,000000,50.0500000,50.0500000,49.3000000,49.4500000,708
ICE.BRN,D,31/08/15,000000,49.4100000,54.3200000,48.2500000,53.1200000,343183
ICE.BRN,D,01/09/15,000000,52.9200000,53.4700000,48.4700000,48.6400000,338156
ICE.BRN,D,02/09/15,000000,48.5900000,51.0000000,47.7400000,50.4700000,262301
ICE.BRN,D,03/09/15,000000,50.5800000,52.4600000,49.8200000,50.6000000,230840
ICE.BRN,D,04/09/15,000000,50.6900000,51.0500000,49.2500000,49.2900000,161860
ICE.BRN,D,06/09/15,000000,49.2700000,49.4400000,49.2100000,49.3500000,103
ICE.BRN,D,07/09/15,000000,49.3100000,49.4400000,47.5000000,47.7600000,59638
ICE.BRN,D,08/09/15,000000,47.7600000,49.8500000,47.6400000,49.3100000,177114
ICE.BRN,D,09/09/15,000000,49.3900000,50.0400000,47.3200000,47.4400000,128120
ICE.BRN,D,10/09/15,000000,47.4600000,49.9000000,46.7600000,49.7200000,76937
ICE.BRN,D,11/09/15,000000,49.6000000,49.9400000,48.1100000,49.0800000,128409
ICE.BRN,D,13/09/15,000000,49.0000000,49.2500000,48.9800000,49.1300000,73
ICE.BRN,D,14/09/15,000000,49.2000000,49.2000000,47.2500000,47.4100000,114876
ICE.BRN,D,15/09/15,000000,47.6000000,48.2500000,47.0100000,48.1200000,133241
ICE.BRN,D,16/09/15,000000,48.0600000,50.3400000,47.7100000,49.9800000,191536
ICE.BRN,D,17/09/15,000000,49.9800000,50.1400000,48.3200000,49.3500000,181765
ICE.BRN,D,18/09/15,000000,49.2600000,49.7500000,47.1600000,47.7800000,165125
ICE.BRN,D,20/09/15,000000,47.6400000,47.7700000,47.5500000,47.5700000,116
ICE.BRN,D,21/09/15,000000,47.5800000,48.9900000,47.4800000,48.7300000,122688
ICE.BRN,D,22/09/15,000000,48.5000000,49.2100000,47.7000000,49.2000000,137669
ICE.BRN,D,23/09/15,000000,49.0800000,50.2500000,47.6800000,47.8000000,180587
ICE.BRN,D,24/09/15,000000,47.8800000,48.4700000,47.4000000,48.3300000,127434
ICE.BRN,D,25/09/15,000000,48.1700000,49.1000000,47.8600000,48.3400000,145183
ICE.BRN,D,27/09/15,000000,48.3400000,48.4400000,48.3200000,48.3900000,78
ICE.BRN,D,28/09/15,000000,48.3500000,48.4100000,47.2500000,47.4000000,147998
ICE.BRN,D,29/09/15,000000,47.4500000,48.6500000,47.2500000,47.9400000,133424
ICE.BRN,D,30/09/15,000000,47.9700000,49.0000000,47.7900000,48.4400000,155963
ICE.BRN,D,01/10/15,000000,48.4000000,49.8300000,47.6200000,48.0600000,203872
ICE.BRN,D,02/10/15,000000,47.9900000,48.5000000,46.9300000,48.2200000,168210
ICE.BRN,D,04/10/15,000000,48.0800000,48.3000000,47.8400000,47.8800000,329
ICE.BRN,D,05/10/15,000000,47.8500000,49.8700000,47.8500000,49.2200000,122472
ICE.BRN,D,06/10/15,000000,49.3700000,52.2600000,48.8700000,52.1500000,188969
ICE.BRN,D,07/10/15,000000,52.1500000,53.1500000,51.2100000,51.7500000,133502
ICE.BRN,D,08/10/15,000000,51.7600000,53.5200000,51.2800000,53.3000000,116912
ICE.BRN,D,09/10/15,000000,53.3500000,54.0500000,52.2100000,52.4300000,111431
ICE.BRN,D,11/10/15,000000,52.5900000,52.8500000,52.5400000,52.8100000,57
ICE.BRN,D,12/10/15,000000,52.8400000,53.6200000,50.1600000,50.6300000,113516
ICE.BRN,D,13/10/15,000000,50.7500000,51.1400000,49.3400000,49.6600000,155811
ICE.BRN,D,14/10/15,000000,49.4000000,50.0200000,49.2100000,49.5800000,137821
ICE.BRN,D,15/10/15,000000,49.6000000,50.3500000,48.7000000,50.3300000,196420
ICE.BRN,D,16/10/15,000000,50.2100000,50.7000000,49.3100000,50.5000000,117065
ICE.BRN,D,18/10/15,000000,50.3800000,50.6800000,50.3800000,50.6200000,183
ICE.BRN,D,19/10/15,000000,50.6800000,50.6800000,48.5700000,48.9100000,148134
ICE.BRN,D,20/10/15,000000,48.8300000,49.2000000,48.2200000,48.5600000,133175
ICE.BRN,D,21/10/15,000000,48.5800000,48.6500000,47.5000000,47.8900000,157590
ICE.BRN,D,22/10/15,000000,47.9600000,48.7300000,47.6500000,48.2200000,121196
ICE.BRN,D,23/10/15,000000,48.3200000,48.6500000,47.4500000,48.0800000,130286
ICE.BRN,D,25/10/15,000000,48.0000000,48.0200000,47.9000000,47.9700000,177
ICE.BRN,D,26/10/15,000000,47.9600000,48.3300000,47.3000000,47.4600000,111572
ICE.BRN,D,27/10/15,000000,47.4300000,47.5700000,46.4100000,47.0300000,142338
ICE.BRN,D,28/10/15,000000,46.9100000,49.2300000,46.6100000,49.1200000,167425
ICE.BRN,D,29/10/15,000000,49.1500000,49.3800000,48.1700000,48.6100000,146932
ICE.BRN,D,30/10/15,000000,48.6600000,50.0000000,48.2800000,49.5000000,144156
ICE.BRN,D,01/11/15,000000,49.4200000,49.5000000,49.3700000,49.3900000,249
ICE.BRN,D,02/11/15,000000,49.3900000,49.6900000,48.6100000,48.7700000,106228
ICE.BRN,D,03/11/15,000000,48.9000000,50.9100000,48.4600000,50.2500000,185989
ICE.BRN,D,04/11/15,000000,50.2500000,50.8700000,48.4900000,48.9200000,195640
ICE.BRN,D,05/11/15,000000,48.8400000,49.0000000,47.9300000,48.1200000,106947
ICE.BRN,D,06/11/15,000000,48.0500000,48.5800000,47.2700000,47.6600000,100089
ICE.BRN,D,08/11/15,000000,47.4600000,47.6300000,47.4200000,47.4800000,210
ICE.BRN,D,09/11/15,000000,47.4800000,48.4100000,47.0100000,47.3000000,113105
ICE.BRN,D,10/11/15,000000,47.3200000,47.8600000,46.9600000,47.0500000,98189
ICE.BRN,D,11/11/15,000000,47.0800000,48.3700000,46.4200000,46.5900000,128222
ICE.BRN,D,12/11/15,000000,46.7400000,47.0700000,45.0000000,45.2000000,204889
ICE.BRN,D,13/11/15,000000,45.1600000,45.9500000,44.1600000,44.6000000,200301
ICE.BRN,D,15/11/15,000000,44.7000000,44.7000000,44.3900000,44.6100000,579
ICE.BRN,D,16/11/15,000000,44.6000000,45.1800000,43.1600000,44.8600000,187757
ICE.BRN,D,17/11/15,000000,44.7000000,45.1000000,43.5000000,43.9900000,152560
ICE.BRN,D,18/11/15,000000,43.9700000,44.7400000,43.3400000,44.2700000,167112
ICE.BRN,D,19/11/15,000000,44.3000000,44.7600000,43.7000000,44.2600000,115790
ICE.BRN,D,20/11/15,000000,44.2900000,45.5000000,44.0700000,44.4800000,161008
ICE.BRN,D,22/11/15,000000,44.3600000,44.5200000,44.2900000,44.4200000,201
ICE.BRN,D,23/11/15,000000,44.4400000,45.7300000,43.5700000,45.1100000,212833
ICE.BRN,D,24/11/15,000000,45.1100000,46.5000000,44.9200000,45.9100000,168879
ICE.BRN,D,25/11/15,000000,46.0400000,46.5000000,45.0300000,46.2800000,139556
ICE.BRN,D,26/11/15,000000,46.2300000,46.3200000,45.0000000,45.6200000,69638
ICE.BRN,D,27/11/15,000000,45.5700000,45.6300000,44.7900000,44.8700000,106395
ICE.BRN,D,29/11/15,000000,44.8600000,44.9500000,44.7900000,44.8100000,356
ICE.BRN,D,30/11/15,000000,44.8000000,45.7500000,44.4400000,44.5000000,167617
ICE.BRN,D,01/12/15,000000,44.6200000,45.1800000,44.0300000,44.2800000,139160
ICE.BRN,D,02/12/15,000000,44.3200000,44.6400000,42.4300000,42.6800000,228353
ICE.BRN,D,03/12/15,000000,42.7700000,44.6900000,42.6100000,44.0600000,166712
ICE.BRN,D,04/12/15,000000,43.9800000,44.8200000,42.6700000,43.2200000,199656
ICE.BRN,D,06/12/15,000000,42.7600000,42.9300000,42.7500000,42.9100000,211
ICE.BRN,D,07/12/15,000000,42.9000000,43.0000000,40.6000000,40.6600000,173323
ICE.BRN,D,08/12/15,000000,40.8200000,41.4500000,39.8100000,40.4600000,209238
ICE.BRN,D,09/12/15,000000,40.6300000,41.5900000,39.5700000,40.3300000,194350
ICE.BRN,D,10/12/15,000000,40.4300000,40.7000000,39.4600000,39.5500000,122954
ICE.BRN,D,11/12/15,000000,39.5700000,40.1300000,37.7300000,38.2700000,172687
ICE.BRN,D,13/12/15,000000,38.3900000,38.3900000,38.1200000,38.2700000,163
ICE.BRN,D,14/12/15,000000,38.2600000,38.6800000,36.7500000,37.9900000,213815
ICE.BRN,D,15/12/15,000000,38.1000000,39.6900000,37.8100000,38.4500000,227063
ICE.BRN,D,16/12/15,000000,38.4500000,38.7400000,37.1700000,37.5700000,196582
ICE.BRN,D,17/12/15,000000,37.6000000,37.9300000,36.7500000,36.9500000,151892
ICE.BRN,D,18/12/15,000000,36.8100000,37.7300000,36.4100000,36.5500000,181428
ICE.BRN,D,20/12/15,000000,36.5500000,36.7500000,36.3200000,36.4500000,940
ICE.BRN,D,21/12/15,000000,36.4600000,36.7500000,36.0400000,36.2300000,114135
ICE.BRN,D,22/12/15,000000,36.3600000,36.7200000,35.9800000,36.3800000,127226
ICE.BRN,D,23/12/15,000000,36.3700000,37.8800000,36.2800000,37.7900000,147350
ICE.BRN,D,24/12/15,000000,37.7700000,38.1000000,36.9100000,37.9300000,92540
ICE.BRN,D,27/12/15,000000,37.8400000,37.9500000,37.7500000,37.7600000,713
ICE.BRN,D,28/12/15,000000,37.7600000,37.8500000,36.4100000,36.6000000,71102
ICE.BRN,D,29/12/15,000000,36.5900000,37.9800000,36.5600000,37.3900000,100631
ICE.BRN,D,30/12/15,000000,37.2900000,37.5500000,36.3500000,36.6800000,91286
ICE.BRN,D,31/12/15,000000,36.5700000,37.9500000,36.1000000,37.6000000,113998
ICE.BRN,D,03/01/16,000000,37.8500000,38.4600000,37.7800000,38.3400000,3248
ICE.BRN,D,04/01/16,000000,38.3300000,38.9900000,36.7700000,37.3300000,177195
ICE.BRN,D,05/01/16,000000,37.2700000,37.5700000,36.2400000,36.5900000,164413
ICE.BRN,D,06/01/16,000000,36.6400000,36.6700000,34.1300000,34.3800000,221868
ICE.BRN,D,07/01/16,000000,34.5200000,34.7400000,32.1600000,33.7700000,180185
ICE.BRN,D,08/01/16,000000,34.0200000,34.7200000,32.7800000,33.2600000,141595
ICE.BRN,D,10/01/16,000000,33.3400000,33.3600000,32.9100000,32.9900000,381
ICE.BRN,D,11/01/16,000000,32.9500000,33.7300000,31.5200000,31.6000000,155020
ICE.BRN,D,12/01/16,000000,31.7700000,32.6900000,30.5000000,30.8300000,202482
ICE.BRN,D,13/01/16,000000,31.2500000,31.8300000,29.9400000,30.2400000,250587
ICE.BRN,D,14/01/16,000000,30.2300000,31.1900000,29.7000000,31.1000000,219498
ICE.BRN,D,15/01/16,000000,31.0000000,31.0200000,28.8200000,29.1100000,223796
ICE.BRN,D,17/01/16,000000,28.7300000,28.8000000,27.6700000,28.1300000,3629
ICE.BRN,D,18/01/16,000000,28.1500000,29.5700000,27.9900000,28.7400000,126746
ICE.BRN,D,19/01/16,000000,28.7000000,30.2400000,28.6000000,28.7300000,202176
ICE.BRN,D,20/01/16,000000,28.6600000,28.7500000,27.1000000,27.7900000,203548
ICE.BRN,D,21/01/16,000000,27.9900000,29.8400000,27.2900000,29.7200000,273127
ICE.BRN,D,22/01/16,000000,29.6200000,32.3000000,29.2900000,32.0800000,240280
ICE.BRN,D,25/01/16,000000,32.6900000,32.8100000,30.0000000,30.0900000,160814
ICE.BRN,D,26/01/16,000000,30.0100000,32.7200000,29.2700000,31.0900000,213503
ICE.BRN,D,27/01/16,000000,31.2000000,33.4900000,30.8400000,33.0100000,175106
ICE.BRN,D,28/01/16,000000,32.8400000,35.8400000,32.5600000,34.5500000,114751
ICE.BRN,D,29/01/16,000000,34.0000000,36.1700000,34.0000000,35.8700000,297335
ICE.BRN,D,31/01/16,000000,35.9100000,36.2500000,35.6600000,35.9100000,1337
ICE.BRN,D,01/02/16,000000,35.9200000,36.0500000,33.9200000,34.1300000,256570
ICE.BRN,D,02/02/16,000000,34.1200000,34.1300000,32.2300000,32.5700000,253895
ICE.BRN,D,03/02/16,000000,32.4100000,35.5300000,32.3000000,35.4700000,320545
ICE.BRN,D,04/02/16,000000,35.3200000,35.8400000,34.1500000,34.3900000,223450
ICE.BRN,D,05/02/16,000000,34.3900000,35.1400000,33.8100000,34.1300000,185374
ICE.BRN,D,07/02/16,000000,33.9900000,34.2100000,33.8800000,33.8800000,316
ICE.BRN,D,08/02/16,000000,33.8800000,34.6800000,32.7700000,33.2100000,164516
ICE.BRN,D,09/02/16,000000,33.1700000,33.5600000,30.2800000,30.8100000,256841
ICE.BRN,D,10/02/16,000000,30.9400000,31.9000000,30.3500000,30.9700000,232562
ICE.BRN,D,11/02/16,000000,30.8300000,31.3500000,29.9200000,31.1300000,243327
ICE.BRN,D,12/02/16,000000,31.3100000,33.4400000,30.8500000,32.6500000,259523
ICE.BRN,D,14/02/16,000000,32.7700000,32.9500000,32.6700000,32.8500000,401
ICE.BRN,D,15/02/16,000000,32.8900000,34.0900000,32.8100000,34.0300000,108049
ICE.BRN,D,16/02/16,000000,34.5100000,35.5400000,31.9200000,32.3000000,356911
ICE.BRN,D,17/02/16,000000,32.5400000,34.9900000,31.8200000,34.8700000,240099
ICE.BRN,D,18/02/16,000000,34.9100000,35.7300000,33.7900000,33.9900000,263401
ICE.BRN,D,19/02/16,000000,33.8800000,34.4600000,32.6800000,33.1200000,160221
ICE.BRN,D,21/02/16,000000,33.1500000,33.2200000,32.8500000,32.9700000,478
ICE.BRN,D,22/02/16,000000,32.9600000,34.9700000,32.9000000,34.6700000,149846
ICE.BRN,D,23/02/16,000000,34.5400000,35.1100000,32.9000000,32.9000000,167113
ICE.BRN,D,24/02/16,000000,32.9800000,34.6700000,32.3700000,34.4100000,207764
ICE.BRN,D,25/02/16,000000,34.3900000,35.7400000,33.3000000,35.0600000,84727
ICE.BRN,D,26/02/16,000000,35.1000000,37.0000000,34.7400000,35.1300000,52660
ICE.BRN,D,28/02/16,000000,35.4300000,35.4400000,35.2000000,35.2300000,453
ICE.BRN,D,29/02/16,000000,35.2500000,36.7400000,35.0800000,36.6400000,212398
ICE.BRN,D,01/03/16,000000,36.6000000,37.2500000,35.9500000,36.6000000,243836
ICE.BRN,D,02/03/16,000000,36.6200000,37.4000000,36.1000000,37.0600000,250894
ICE.BRN,D,03/03/16,000000,36.9300000,37.3700000,36.3500000,37.0600000,161152
ICE.BRN,D,04/03/16,000000,37.0400000,38.9500000,36.8200000,38.9300000,279692
ICE.BRN,D,06/03/16,000000,38.8800000,39.2000000,38.8700000,39.0100000,1008
ICE.BRN,D,07/03/16,000000,39.0200000,41.0400000,38.8800000,40.8300000,276213
ICE.BRN,D,08/03/16,000000,40.7100000,41.4800000,39.3100000,39.5400000,292559
ICE.BRN,D,09/03/16,000000,39.6500000,41.1800000,39.3900000,40.8400000,236068
ICE.BRN,D,10/03/16,000000,40.8900000,41.0000000,39.6300000,40.1600000,231872
ICE.BRN,D,11/03/16,000000,40.3300000,41.0300000,40.0200000,40.3800000,186989
ICE.BRN,D,13/03/16,000000,40.2500000,40.4700000,40.2000000,40.3400000,484
ICE.BRN,D,14/03/16,000000,40.3700000,40.5000000,38.8200000,39.7300000,209148
ICE.BRN,D,15/03/16,000000,39.6600000,39.7400000,38.3300000,38.9500000,184154
ICE.BRN,D,16/03/16,000000,39.1400000,40.4400000,38.8300000,40.2100000,163619
ICE.BRN,D,17/03/16,000000,40.4500000,41.6000000,40.4100000,41.4300000,161476
ICE.BRN,D,18/03/16,000000,41.3800000,42.5400000,41.0700000,41.4600000,174027
ICE.BRN,D,20/03/16,000000,41.3100000,41.3900000,41.0600000,41.0600000,437
ICE.BRN,D,21/03/16,000000,41.0700000,41.8800000,40.4800000,41.4100000,123496
ICE.BRN,D,22/03/16,000000,41.4700000,42.0800000,40.9700000,41.5800000,139340
ICE.BRN,D,23/03/16,000000,41.5600000,41.8200000,40.6100000,40.7300000,109379
ICE.BRN,D,24/03/16,000000,40.4000000,40.6400000,39.2200000,40.4500000,131305
ICE.BRN,D,27/03/16,000000,41.1600000,41.2800000,41.1100000,41.2000000,194
ICE.BRN,D,28/03/16,000000,41.2000000,41.6200000,40.2300000,40.7600000,40523
ICE.BRN,D,29/03/16,000000,40.8000000,40.8500000,39.4600000,40.0300000,132990
ICE.BRN,D,30/03/16,000000,40.1300000,41.3500000,39.8800000,39.9400000,168368
ICE.BRN,D,31/03/16,000000,39.8400000,40.8500000,39.5000000,40.1400000,207923
ICE.BRN,D,01/04/16,000000,40.1400000,40.4300000,38.5500000,38.7500000,203107
ICE.BRN,D,03/04/16,000000,38.6900000,38.6900000,38.2500000,38.2800000,793
ICE.BRN,D,04/04/16,000000,38.2900000,38.9200000,37.5000000,37.5800000,169038
ICE.BRN,D,05/04/16,000000,37.5000000,38.4400000,37.2700000,38.3300000,161928
ICE.BRN,D,06/04/16,000000,38.4000000,39.9400000,38.3400000,39.7500000,195498
ICE.BRN,D,07/04/16,000000,39.9000000,40.2900000,38.7000000,39.6600000,174065
ICE.BRN,D,08/04/16,000000,39.6800000,42.0100000,39.6200000,41.8900000,212185
ICE.BRN,D,10/04/16,000000,42.0000000,42.4500000,41.8800000,42.4400000,694
ICE.BRN,D,11/04/16,000000,42.4400000,43.0600000,41.4100000,42.8100000,178061
ICE.BRN,D,12/04/16,000000,42.7000000,44.8100000,42.5600000,44.2800000,231417
ICE.BRN,D,13/04/16,000000,44.4400000,44.9400000,43.7600000,43.9000000,210814
ICE.BRN,D,14/04/16,000000,44.0100000,44.6200000,43.2900000,43.7800000,143944
ICE.BRN,D,15/04/16,000000,43.8000000,44.0500000,42.2800000,42.8500000,182748
ICE.BRN,D,17/04/16,000000,40.8000000,40.8600000,40.1000000,40.5800000,9950
ICE.BRN,D,18/04/16,000000,40.5800000,43.4300000,40.5700000,43.1600000,262207
ICE.BRN,D,19/04/16,000000,43.1400000,44.5000000,42.6000000,43.8000000,217908
ICE.BRN,D,20/04/16,000000,43.5200000,45.8800000,42.8100000,45.5900000,210428
ICE.BRN,D,21/04/16,000000,45.5400000,46.1800000,44.4400000,44.7300000,209909
ICE.BRN,D,22/04/16,000000,44.7500000,45.9000000,44.3000000,45.1600000,150857
ICE.BRN,D,24/04/16,000000,45.1300000,45.1300000,44.9200000,44.9800000,301
ICE.BRN,D,25/04/16,000000,44.9500000,45.5900000,44.2600000,44.7600000,134011
ICE.BRN,D,26/04/16,000000,44.6900000,46.4900000,44.3600000,46.4200000,123824
ICE.BRN,D,27/04/16,000000,46.0900000,47.2000000,45.4400000,47.0000000,171626
ICE.BRN,D,28/04/16,000000,46.8700000,47.8200000,46.5100000,47.6800000,154012
ICE.BRN,D,29/04/16,000000,47.5800000,48.2900000,46.7600000,47.3200000,208921
ICE.BRN,D,01/05/16,000000,47.3700000,47.3900000,47.0100000,47.0100000,555
ICE.BRN,D,02/05/16,000000,47.0300000,47.3300000,45.7200000,45.9100000,122841
ICE.BRN,D,03/05/16,000000,45.8000000,46.4000000,44.6200000,45.2300000,196285
ICE.BRN,D,04/05/16,000000,45.2100000,46.0100000,44.1900000,44.9200000,205079
ICE.BRN,D,05/05/16,000000,45.0800000,46.7700000,44.6500000,45.2200000,197070
ICE.BRN,D,06/05/16,000000,45.1600000,46.1200000,44.1900000,45.2800000,191619
ICE.BRN,D,08/05/16,000000,46.0800000,46.4800000,46.0300000,46.2800000,2406
ICE.BRN,D,09/05/16,000000,46.3100000,46.3100000,43.4300000,43.4500000,214746
ICE.BRN,D,10/05/16,000000,43.4900000,45.7000000,43.3300000,45.4400000,193316
ICE.BRN,D,11/05/16,000000,45.5900000,47.7500000,44.8000000,47.4000000,229065
ICE.BRN,D,12/05/16,000000,47.3200000,48.1900000,46.8000000,47.9100000,193843
ICE.BRN,D,13/05/16,000000,47.8500000,48.1200000,47.2600000,47.8500000,147945
ICE.BRN,D,15/05/16,000000,47.8200000,48.1500000,47.7700000,47.9200000,1120
ICE.BRN,D,16/05/16,000000,47.9200000,49.4700000,47.8100000,49.1300000,158239
ICE.BRN,D,17/05/16,000000,49.0300000,49.7500000,48.5700000,49.3600000,158314
ICE.BRN,D,18/05/16,000000,49.3600000,49.8500000,48.4500000,48.5400000,196972
ICE.BRN,D,19/05/16,000000,48.6700000,48.8800000,47.3800000,48.8800000,194055
ICE.BRN,D,20/05/16,000000,48.9000000,49.3900000,48.0700000,48.7400000,150873
ICE.BRN,D,22/05/16,000000,48.7200000,48.8400000,48.5400000,48.6400000,414
ICE.BRN,D,23/05/16,000000,48.6200000,48.7000000,47.5800000,48.3900000,115800
ICE.BRN,D,24/05/16,000000,48.3500000,49.2400000,47.8000000,49.0400000,128133
ICE.BRN,D,25/05/16,000000,49.1600000,49.9600000,48.9100000,49.7800000,135533
ICE.BRN,D,26/05/16,000000,49.7600000,50.5100000,49.2500000,49.3300000,95972
ICE.BRN,D,27/05/16,000000,49.9700000,50.1300000,49.3400000,50.0300000,107284
ICE.BRN,D,30/05/16,000000,50.0200000,50.4300000,49.5500000,50.2800000,34555
ICE.BRN,D,31/05/16,000000,50.3000000,50.8700000,49.5000000,49.5200000,149012
ICE.BRN,D,01/06/16,000000,49.6500000,50.0000000,48.6500000,49.7400000,172007
ICE.BRN,D,02/06/16,000000,49.6300000,50.3000000,48.8400000,49.9500000,182231
ICE.BRN,D,03/06/16,000000,49.9500000,50.3300000,49.3000000,49.8400000,142199
ICE.BRN,D,05/06/16,000000,49.8300000,49.9600000,49.8300000,49.8300000,183
ICE.BRN,D,06/06/16,000000,49.8300000,50.8300000,49.7200000,50.4800000,142495
ICE.BRN,D,07/06/16,000000,50.4600000,51.5400000,50.2800000,51.4900000,151508
ICE.BRN,D,08/06/16,000000,51.4100000,52.8000000,51.3200000,52.7000000,194655
ICE.BRN,D,09/06/16,000000,52.7400000,52.8600000,51.5300000,51.8600000,152392
ICE.BRN,D,10/06/16,000000,51.9100000,52.1000000,50.3300000,50.4800000,153969
ICE.BRN,D,12/06/16,000000,50.4200000,50.4200000,50.1200000,50.2700000,893
ICE.BRN,D,13/06/16,000000,50.2700000,50.7900000,49.6100000,50.0000000,143079
ICE.BRN,D,14/06/16,000000,49.8900000,50.0500000,49.2000000,49.2500000,138261
ICE.BRN,D,15/06/16,000000,49.2200000,49.8000000,48.3900000,48.6200000,183805
ICE.BRN,D,16/06/16,000000,48.5600000,48.7700000,46.9400000,47.0300000,223391
ICE.BRN,D,17/06/16,000000,47.2800000,49.4000000,47.2500000,49.2500000,182101
ICE.BRN,D,19/06/16,000000,49.4200000,49.5800000,49.3400000,49.4600000,511
ICE.BRN,D,20/06/16,000000,49.4600000,50.6800000,49.3600000,50.4100000,164194
ICE.BRN,D,21/06/16,000000,50.4300000,51.1000000,49.4600000,50.9500000,159002
ICE.BRN,D,22/06/16,000000,51.0600000,51.2400000,49.1800000,49.8900000,188149
ICE.BRN,D,23/06/16,000000,50.1400000,51.1800000,49.8900000,51.1400000,146431
ICE.BRN,D,24/06/16,000000,50.6900000,50.7400000,47.5400000,48.4100000,263393
ICE.BRN,D,26/06/16,000000,48.4300000,49.1000000,48.4100000,48.7300000,1071
ICE.BRN,D,27/06/16,000000,48.7600000,49.4800000,47.3000000,48.1100000,133561
ICE.BRN,D,28/06/16,000000,47.6100000,48.7900000,47.4700000,48.6600000,67719
ICE.BRN,D,29/06/16,000000,49.4900000,51.4400000,49.3300000,50.9600000,184120
ICE.BRN,D,30/06/16,000000,50.9400000,51.0200000,49.5300000,49.7400000,188659
ICE.BRN,D,01/07/16,000000,49.9000000,50.6600000,49.2500000,50.5500000,156808
ICE.BRN,D,03/07/16,000000,50.6000000,50.6800000,50.3500000,50.5300000,331
ICE.BRN,D,04/07/16,000000,50.5400000,50.7500000,50.0300000,50.0400000,59508
ICE.BRN,D,05/07/16,000000,50.0300000,50.0500000,47.5400000,48.1800000,204852
ICE.BRN,D,06/07/16,000000,48.0600000,49.3100000,47.1700000,49.2500000,215327
ICE.BRN,D,07/07/16,000000,49.1200000,49.5900000,46.1500000,46.4500000,232673
ICE.BRN,D,08/07/16,000000,46.6000000,47.2300000,46.1500000,46.4400000,161181
ICE.BRN,D,10/07/16,000000,46.4900000,46.6700000,46.3100000,46.6100000,270
ICE.BRN,D,11/07/16,000000,46.5800000,47.1000000,45.9000000,46.0700000,128724
ICE.BRN,D,12/07/16,000000,46.1700000,48.5700000,46.0900000,48.1900000,188473
ICE.BRN,D,13/07/16,000000,48.1300000,48.2000000,46.0900000,46.5600000,192832
ICE.BRN,D,14/07/16,000000,46.5900000,47.4700000,46.3400000,47.1300000,147726
ICE.BRN,D,15/07/16,000000,47.0300000,48.2500000,46.6500000,48.0900000,139275
ICE.BRN,D,17/07/16,000000,47.9200000,47.9500000,47.3000000,47.6700000,1080
ICE.BRN,D,18/07/16,000000,47.6900000,47.9000000,46.5000000,47.0300000,132312
ICE.BRN,D,19/07/16,000000,46.9300000,47.4900000,46.5300000,46.7100000,120435
ICE.BRN,D,20/07/16,000000,46.7600000,47.4900000,45.9000000,47.1300000,187566
ICE.BRN,D,21/07/16,000000,47.1700000,47.5600000,46.0500000,46.1900000,121022
ICE.BRN,D,22/07/16,000000,46.2100000,46.5000000,45.1700000,45.7400000,139792
ICE.BRN,D,24/07/16,000000,45.7000000,45.7300000,45.5500000,45.6300000,155
ICE.BRN,D,25/07/16,000000,45.6500000,45.8700000,44.5500000,45.0600000,109962
ICE.BRN,D,26/07/16,000000,45.1700000,45.3400000,44.5300000,44.9100000,83400
ICE.BRN,D,27/07/16,000000,44.9000000,45.3300000,43.7200000,43.8200000,157538
ICE.BRN,D,28/07/16,000000,43.9500000,44.1500000,43.1300000,43.1600000,165848
ICE.BRN,D,29/07/16,000000,43.1400000,43.6000000,42.5200000,43.2100000,181881
ICE.BRN,D,31/07/16,000000,43.1100000,43.3800000,43.1100000,43.2700000,305
ICE.BRN,D,01/08/16,000000,43.2600000,43.8500000,41.8700000,42.2200000,164939
ICE.BRN,D,02/08/16,000000,42.2300000,43.1800000,41.5100000,41.9700000,184155
ICE.BRN,D,03/08/16,000000,41.9400000,43.4700000,41.5600000,43.4400000,200589
ICE.BRN,D,04/08/16,000000,43.3600000,44.3400000,42.5100000,44.2200000,167013
ICE.BRN,D,05/08/16,000000,44.1800000,44.4900000,43.5100000,44.4200000,153261
ICE.BRN,D,07/08/16,000000,44.3400000,44.4200000,44.2500000,44.3000000,129
ICE.BRN,D,08/08/16,000000,44.3100000,45.7100000,44.2400000,45.1800000,149109
ICE.BRN,D,09/08/16,000000,45.2500000,45.7700000,44.7600000,44.9900000,137183
ICE.BRN,D,10/08/16,000000,44.9200000,45.6800000,43.8100000,43.8400000,186356
ICE.BRN,D,11/08/16,000000,43.7800000,46.3000000,43.4600000,45.9600000,220786
ICE.BRN,D,12/08/16,000000,46.1800000,47.2500000,45.7400000,47.0800000,149167
ICE.BRN,D,14/08/16,000000,47.1400000,47.2500000,47.0100000,47.1500000,108
ICE.BRN,D,15/08/16,000000,47.1300000,48.5400000,46.8400000,48.1000000,170172
ICE.BRN,D,16/08/16,000000,48.2200000,49.3600000,47.9000000,48.9000000,171880
ICE.BRN,D,17/08/16,000000,48.8800000,49.9300000,48.5500000,49.8000000,204645
ICE.BRN,D,18/08/16,000000,49.7600000,51.0500000,49.5200000,50.9000000,166611
ICE.BRN,D,19/08/16,000000,50.9600000,51.2200000,50.3200000,50.7900000,144473
ICE.BRN,D,21/08/16,000000,50.7000000,50.7000000,50.3500000,50.4000000,1693
ICE.BRN,D,22/08/16,000000,50.3800000,50.5700000,49.0700000,49.1000000,153093
ICE.BRN,D,23/08/16,000000,49.0400000,50.2100000,48.4800000,49.5800000,186990
ICE.BRN,D,24/08/16,000000,49.5700000,49.8700000,48.6800000,49.0300000,151269
ICE.BRN,D,25/08/16,000000,49.0300000,49.9300000,48.7000000,49.9300000,118246
ICE.BRN,D,26/08/16,000000,49.9100000,50.9900000,49.3800000,49.7900000,98474
ICE.BRN,D,28/08/16,000000,49.7700000,49.8200000,49.6800000,49.6800000,273
ICE.BRN,D,29/08/16,000000,49.6700000,49.8300000,49.1500000,49.4100000,73823
ICE.BRN,D,30/08/16,000000,49.4500000,49.9000000,48.4800000,48.6800000,148770
ICE.BRN,D,31/08/16,000000,48.6500000,48.7700000,46.7700000,46.9700000,204364
ICE.BRN,D,01/09/16,000000,46.9800000,47.2400000,45.3200000,45.8200000,205243
ICE.BRN,D,02/09/16,000000,45.7900000,47.0200000,45.4100000,46.6800000,216491
ICE.BRN,D,04/09/16,000000,46.7000000,46.7100000,46.6200000,46.6600000,193
ICE.BRN,D,05/09/16,000000,46.6500000,49.4000000,46.4000000,47.4000000,235993
ICE.BRN,D,06/09/16,000000,47.4300000,47.9900000,46.2900000,47.3600000,162964
ICE.BRN,D,07/09/16,000000,47.2000000,48.5600000,46.9700000,48.5500000,159176
ICE.BRN,D,08/09/16,000000,48.5500000,50.1400000,48.2100000,49.6900000,207326
ICE.BRN,D,09/09/16,000000,49.6300000,49.7000000,47.7600000,47.8800000,162500
ICE.BRN,D,11/09/16,000000,47.8100000,47.8400000,47.3000000,47.5600000,1290
ICE.BRN,D,12/09/16,000000,47.5700000,48.6300000,46.9000000,48.1500000,178756
ICE.BRN,D,13/09/16,000000,48.1700000,48.2200000,46.9600000,47.1900000,173439
ICE.BRN,D,14/09/16,000000,47.3300000,47.4800000,45.7000000,45.9700000,218323
ICE.BRN,D,15/09/16,000000,46.0600000,47.0000000,45.6700000,46.4100000,175363
ICE.BRN,D,16/09/16,000000,46.3100000,46.4100000,45.4800000,46.0500000,149663
ICE.BRN,D,18/09/16,000000,46.0100000,46.2700000,45.8900000,46.2300000,512
ICE.BRN,D,19/09/16,000000,46.2400000,46.9300000,45.8500000,45.9200000,137720
ICE.BRN,D,20/09/16,000000,45.9100000,46.3000000,45.0900000,46.2000000,191433
ICE.BRN,D,21/09/16,000000,46.4500000,47.1400000,46.3800000,47.0500000,151960
ICE.BRN,D,22/09/16,000000,46.9900000,47.8300000,46.9900000,47.4600000,129060
ICE.BRN,D,23/09/16,000000,47.4200000,48.2600000,45.6500000,46.0700000,188515
ICE.BRN,D,25/09/16,000000,46.6200000,46.9100000,46.5800000,46.8600000,312
ICE.BRN,D,26/09/16,000000,46.8700000,48.2400000,46.3000000,47.5400000,116740
ICE.BRN,D,27/09/16,000000,47.7100000,47.8900000,46.1700000,46.7500000,153982
ICE.BRN,D,28/09/16,000000,46.7500000,49.5000000,46.2600000,49.4300000,330427
ICE.BRN,D,29/09/16,000000,49.4600000,50.3900000,48.5500000,49.6200000,254838
ICE.BRN,D,30/09/16,000000,49.7600000,50.2700000,48.9000000,49.9900000,182181
ICE.BRN,D,02/10/16,000000,50.0200000,50.0500000,49.8300000,49.9000000,382
ICE.BRN,D,03/10/16,000000,49.8800000,51.1400000,49.7400000,50.8000000,180889
ICE.BRN,D,04/10/16,000000,50.9300000,51.5500000,50.3400000,51.3100000,179854
ICE.BRN,D,05/10/16,000000,51.2200000,52.0900000,51.2200000,51.6100000,183458
ICE.BRN,D,06/10/16,000000,51.7600000,52.7500000,51.3200000,52.5900000,177553
ICE.BRN,D,07/10/16,000000,52.7200000,52.8400000,51.3300000,51.6900000,185691
ICE.BRN,D,09/10/16,000000,51.6300000,51.8000000,51.4800000,51.5300000,636
ICE.BRN,D,10/10/16,000000,51.5100000,53.7300000,51.3000000,52.9200000,192779
ICE.BRN,D,11/10/16,000000,53.1100000,53.3200000,52.1200000,52.5300000,189329
ICE.BRN,D,12/10/16,000000,52.4800000,52.8700000,51.6100000,51.6600000,160178
ICE.BRN,D,13/10/16,000000,51.6000000,52.1500000,50.9200000,51.9600000,171390
ICE.BRN,D,14/10/16,000000,52.0600000,52.5500000,51.5000000,52.0000000,125868
ICE.BRN,D,16/10/16,000000,51.9300000,51.9700000,51.7500000,51.7900000,453
ICE.BRN,D,17/10/16,000000,51.7900000,52.2900000,51.1600000,51.6800000,136091
ICE.BRN,D,18/10/16,000000,51.7200000,52.1500000,51.2500000,52.1500000,128987
ICE.BRN,D,19/10/16,000000,52.1300000,53.1400000,52.0900000,52.5400000,167973
ICE.BRN,D,20/10/16,000000,52.6000000,52.7200000,51.1700000,51.3900000,149087
ICE.BRN,D,21/10/16,000000,51.4000000,51.9400000,51.1200000,51.9200000,122261
ICE.BRN,D,23/10/16,000000,51.8900000,51.9200000,51.4700000,51.5600000,469
ICE.BRN,D,24/10/16,000000,51.6000000,52.0100000,50.5000000,51.4800000,136259
ICE.BRN,D,25/10/16,000000,51.4400000,51.8300000,50.2200000,51.2900000,135021
ICE.BRN,D,26/10/16,000000,51.2600000,51.8000000,50.7500000,51.0700000,131587
ICE.BRN,D,27/10/16,000000,51.1000000,51.9800000,50.9400000,51.4300000,148817
ICE.BRN,D,28/10/16,000000,51.5100000,51.6600000,50.3400000,50.5700000,153982
ICE.BRN,D,30/10/16,000000,50.3400000,50.4400000,50.2600000,50.3500000,2551
ICE.BRN,D,31/10/16,000000,50.3400000,50.7600000,48.4500000,48.5100000,235832
ICE.BRN,D,01/11/16,000000,48.7200000,49.2600000,47.7200000,47.9000000,249773
ICE.BRN,D,02/11/16,000000,47.9000000,48.0200000,46.4600000,47.0800000,229932
ICE.BRN,D,03/11/16,000000,47.1500000,47.5200000,45.9900000,46.2800000,175216
ICE.BRN,D,04/11/16,000000,46.4300000,46.5600000,45.0800000,45.6000000,240701
ICE.BRN,D,06/11/16,000000,45.7000000,46.0400000,45.7000000,45.9400000,1932
ICE.BRN,D,07/11/16,000000,45.9500000,46.3800000,45.3800000,46.3300000,159938
ICE.BRN,D,08/11/16,000000,46.3000000,46.6900000,45.6000000,45.8200000,177014
ICE.BRN,D,09/11/16,000000,46.0400000,46.9500000,44.4000000,46.5000000,249300
ICE.BRN,D,10/11/16,000000,46.3600000,46.9200000,45.5600000,45.6600000,160191
ICE.BRN,D,11/11/16,000000,45.8000000,45.8900000,44.1900000,44.5200000,169364
ICE.BRN,D,13/11/16,000000,44.5400000,44.9400000,44.5400000,44.8600000,364
ICE.BRN,D,14/11/16,000000,44.8800000,44.9900000,43.5700000,44.7600000,168627
ICE.BRN,D,15/11/16,000000,44.7000000,47.2500000,44.6700000,46.9100000,203023
ICE.BRN,D,16/11/16,000000,46.8800000,47.5600000,46.2500000,46.3400000,198561
ICE.BRN,D,17/11/16,000000,46.4400000,47.6200000,45.9700000,46.0000000,159824
ICE.BRN,D,18/11/16,000000,46.0500000,46.9900000,45.7500000,46.8900000,161773
ICE.BRN,D,20/11/16,000000,46.9200000,47.4900000,46.9200000,47.3600000,1202
ICE.BRN,D,21/11/16,000000,47.3500000,49.1500000,47.1700000,49.0400000,179139
ICE.BRN,D,22/11/16,000000,49.2500000,49.9600000,48.1400000,49.0500000,235895
ICE.BRN,D,23/11/16,000000,49.2000000,49.5000000,48.5600000,48.8800000,141563
ICE.BRN,D,24/11/16,000000,49.0300000,49.2100000,48.7600000,48.8600000,46314
ICE.BRN,D,25/11/16,000000,48.9600000,49.0200000,46.8500000,47.1200000,117615
ICE.BRN,D,27/11/16,000000,47.9700000,47.9700000,47.3000000,47.4200000,1856
ICE.BRN,D,28/11/16,000000,47.4100000,49.7600000,47.3800000,48.9900000,201340
ICE.BRN,D,29/11/16,000000,49.0600000,49.0700000,46.9100000,47.2600000,249505
ICE.BRN,D,30/11/16,000000,47.5100000,52.3700000,47.4000000,51.5200000,522586
ICE.BRN,D,01/12/16,000000,51.7200000,54.5300000,51.5100000,53.7000000,280322
ICE.BRN,D,02/12/16,000000,53.8800000,54.5000000,52.8400000,54.4900000,199243
ICE.BRN,D,04/12/16,000000,54.4000000,54.4400000,53.8500000,54.0900000,1947
ICE.BRN,D,05/12/16,000000,54.0800000,55.3300000,53.7700000,54.1900000,178920
ICE.BRN,D,06/12/16,000000,54.5000000,54.9400000,53.5100000,53.8900000,163506
ICE.BRN,D,07/12/16,000000,53.9400000,54.2300000,52.9200000,53.0200000,165876
ICE.BRN,D,08/12/16,000000,53.1500000,54.0500000,52.8100000,53.9800000,163775
ICE.BRN,D,09/12/16,000000,53.9700000,54.4600000,53.7700000,54.3600000,128064
ICE.BRN,D,11/12/16,000000,55.8800000,57.8900000,55.5500000,56.8000000,10137
ICE.BRN,D,12/12/16,000000,56.7600000,57.2600000,55.1100000,55.4500000,206568
ICE.BRN,D,13/12/16,000000,55.7000000,56.4400000,55.1300000,55.2300000,129488
ICE.BRN,D,14/12/16,000000,55.1600000,55.8100000,53.5200000,53.7200000,193301
ICE.BRN,D,15/12/16,000000,53.7600000,54.5000000,53.1500000,54.2300000,152316
ICE.BRN,D,16/12/16,000000,54.1100000,55.3800000,53.7100000,55.3300000,141092
ICE.BRN,D,18/12/16,000000,55.4000000,55.5800000,55.2800000,55.3000000,896
ICE.BRN,D,19/12/16,000000,55.2900000,55.8000000,54.6900000,55.0700000,95204
ICE.BRN,D,20/12/16,000000,55.0200000,55.9200000,54.7500000,55.5400000,108707
ICE.BRN,D,21/12/16,000000,55.5200000,55.8700000,54.3200000,54.5300000,114468
ICE.BRN,D,22/12/16,000000,54.5500000,55.2300000,54.0500000,54.9000000,103725
ICE.BRN,D,23/12/16,000000,54.8400000,55.2500000,54.2600000,55.0800000,64113
ICE.BRN,D,27/12/16,000000,55.9600000,57.8200000,55.7700000,56.9500000,62244
ICE.BRN,D,28/12/16,000000,56.7100000,57.2700000,56.6100000,56.6300000,89785
ICE.BRN,D,29/12/16,000000,56.7300000,57.3300000,56.6600000,56.9500000,120840
ICE.BRN,D,30/12/16,000000,57.0000000,57.2000000,56.4600000,56.7500000,86858
ICE.BRN,D,02/01/17,000000,56.8200000,56.8200000,56.8200000,56.8200000,1
ICE.BRN,D,03/01/17,000000,57.0500000,58.3700000,55.3000000,55.5600000,226241
ICE.BRN,D,04/01/17,000000,55.7300000,56.5500000,55.3300000,56.4700000,155502
ICE.BRN,D,05/01/17,000000,56.3500000,57.3500000,56.0100000,56.9000000,159774
ICE.BRN,D,06/01/17,000000,56.8800000,57.4700000,56.2800000,56.7500000,130683
ICE.BRN,D,08/01/17,000000,56.8100000,56.9900000,56.8100000,56.9700000,276
ICE.BRN,D,09/01/17,000000,56.9600000,57.0000000,54.7400000,54.8200000,162904
ICE.BRN,D,10/01/17,000000,54.9500000,55.3600000,53.5800000,53.6300000,191134
ICE.BRN,D,11/01/17,000000,53.8000000,55.6700000,53.7000000,55.3300000,223175
ICE.BRN,D,12/01/17,000000,55.1900000,56.4300000,55.0100000,56.1100000,168444
ICE.BRN,D,13/01/17,000000,56.0000000,56.2100000,55.2800000,55.5900000,131593
ICE.BRN,D,16/01/17,000000,55.6400000,55.9200000,55.1900000,55.6800000,60334
ICE.BRN,D,17/01/17,000000,55.7400000,56.9500000,55.4000000,55.4700000,167423
ICE.BRN,D,18/01/17,000000,55.4800000,55.9000000,53.7700000,54.2500000,211623
ICE.BRN,D,19/01/17,000000,54.2900000,54.7700000,53.9000000,54.2100000,150345
ICE.BRN,D,20/01/17,000000,54.3300000,55.8000000,54.1800000,55.4900000,159750
ICE.BRN,D,22/01/17,000000,55.7000000,55.7500000,55.4200000,55.6000000,992
ICE.BRN,D,23/01/17,000000,55.6000000,55.6300000,54.6500000,55.3700000,138770
ICE.BRN,D,24/01/17,000000,55.4200000,55.8600000,55.0700000,55.1600000,110996
ICE.BRN,D,25/01/17,000000,55.2400000,55.7500000,54.7500000,55.6500000,132397
ICE.BRN,D,26/01/17,000000,55.7300000,56.7800000,55.4800000,56.4500000,117416
ICE.BRN,D,27/01/17,000000,56.3300000,56.7200000,55.0900000,55.6500000,134761
ICE.BRN,D,29/01/17,000000,55.6600000,55.6800000,55.3900000,55.4300000,301
ICE.BRN,D,30/01/17,000000,55.4400000,55.8600000,55.0400000,55.3200000,127056
ICE.BRN,D,31/01/17,000000,55.3400000,56.4400000,54.9600000,55.4900000,203539
ICE.BRN,D,01/02/17,000000,55.5500000,56.8300000,55.3600000,56.5900000,187248
ICE.BRN,D,02/02/17,000000,56.5300000,57.4500000,56.3300000,56.7400000,178082
ICE.BRN,D,03/02/17,000000,56.9200000,57.2900000,56.3900000,56.7200000,136945
ICE.BRN,D,05/02/17,000000,56.8500000,56.9100000,56.7300000,56.9100000,312
ICE.BRN,D,06/02/17,000000,56.9100000,57.1300000,55.6500000,55.8900000,136788
ICE.BRN,D,07/02/17,000000,55.9100000,55.9800000,54.5800000,54.6600000,176445
ICE.BRN,D,08/02/17,000000,54.5000000,55.6800000,54.4400000,55.1600000,178003
ICE.BRN,D,09/02/17,000000,55.3000000,55.9200000,55.2300000,55.7400000,117740
ICE.BRN,D,10/02/17,000000,55.6600000,56.8800000,55.5900000,56.6100000,154834
ICE.BRN,D,12/02/17,000000,56.6800000,56.8100000,56.6500000,56.7000000,204
ICE.BRN,D,13/02/17,000000,56.7100000,56.7900000,55.4100000,55.6600000,140503
ICE.BRN,D,14/02/17,000000,55.7500000,56.4600000,55.5300000,55.8000000,120613
ICE.BRN,D,15/02/17,000000,55.8200000,56.2500000,55.5600000,55.6900000,118142
ICE.BRN,D,16/02/17,000000,55.7400000,56.2400000,55.1300000,55.8100000,158184
ICE.BRN,D,17/02/17,000000,55.7300000,55.8800000,55.1000000,55.7200000,109011
ICE.BRN,D,19/02/17,000000,55.9000000,55.9800000,55.7700000,55.7800000,281
ICE.BRN,D,20/02/17,000000,55.7700000,56.4200000,55.7000000,56.1500000,57778
ICE.BRN,D,21/02/17,000000,56.1700000,57.3100000,56.1000000,56.6700000,104293
ICE.BRN,D,22/02/17,000000,56.7400000,57.0100000,55.6400000,56.1900000,115100
ICE.BRN,D,23/02/17,000000,56.2000000,57.2600000,56.1800000,56.4700000,120861
ICE.BRN,D,24/02/17,000000,56.4000000,56.6600000,55.7400000,56.0400000,48023
ICE.BRN,D,26/02/17,000000,56.3200000,56.3900000,56.2800000,56.3500000,391
ICE.BRN,D,27/02/17,000000,56.3500000,57.0600000,56.2900000,56.4300000,119795
ICE.BRN,D,28/02/17,000000,56.5200000,56.6400000,55.6200000,56.4500000,220262
ICE.BRN,D,01/03/17,000000,56.4500000,57.0500000,56.2400000,56.2800000,156703
ICE.BRN,D,02/03/17,000000,56.3100000,56.4400000,55.0300000,55.0300000,210940
ICE.BRN,D,03/03/17,000000,55.1800000,55.9500000,55.0900000,55.7100000,144251
ICE.BRN,D,05/03/17,000000,55.8000000,56.0000000,55.8000000,55.9100000,1419
ICE.BRN,D,06/03/17,000000,55.8900000,56.2500000,55.3200000,55.9400000,131220
ICE.BRN,D,07/03/17,000000,55.9500000,56.6500000,55.5600000,55.6000000,144108
ICE.BRN,D,08/03/17,000000,55.6300000,55.7700000,52.9300000,53.1600000,282244
ICE.BRN,D,09/03/17,000000,53.4900000,53.8600000,51.5000000,52.3800000,336458
ICE.BRN,D,10/03/17,000000,52.3300000,53.0200000,51.1400000,51.2700000,224090
ICE.BRN,D,12/03/17,000000,51.4900000,51.4900000,50.8500000,50.9900000,4708
ICE.BRN,D,13/03/17,000000,51.0000000,51.7000000,50.9200000,51.3300000,170827
ICE.BRN,D,14/03/17,000000,51.3400000,51.8600000,50.2500000,51.8400000,266119
ICE.BRN,D,15/03/17,000000,51.5000000,52.1500000,51.3600000,52.0000000,180170
ICE.BRN,D,16/03/17,000000,52.0800000,52.6500000,51.5000000,51.7400000,157291
ICE.BRN,D,17/03/17,000000,51.7400000,52.1800000,51.5300000,51.6700000,99138
ICE.BRN,D,19/03/17,000000,51.8000000,51.8000000,51.6600000,51.6800000,525
ICE.BRN,D,20/03/17,000000,51.6800000,51.9400000,51.0100000,51.7200000,137801
ICE.BRN,D,21/03/17,000000,51.7000000,52.2200000,50.7300000,50.8500000,156322
ICE.BRN,D,22/03/17,000000,50.8600000,50.9800000,49.7100000,50.6800000,189809
ICE.BRN,D,23/03/17,000000,50.8300000,51.1000000,50.2500000,50.5100000,114353
ICE.BRN,D,24/03/17,000000,50.6400000,51.0600000,50.4000000,50.9700000,77801
ICE.BRN,D,26/03/17,000000,51.1500000,51.1900000,50.9000000,51.1200000,910
ICE.BRN,D,27/03/17,000000,51.1000000,51.1400000,50.1300000,50.9400000,89721
ICE.BRN,D,28/03/17,000000,50.9800000,52.0000000,50.9200000,51.4200000,120853
ICE.BRN,D,29/03/17,000000,51.4900000,52.6100000,51.4500000,52.5500000,158279
ICE.BRN,D,30/03/17,000000,52.5300000,53.2700000,52.1700000,53.0700000,171946
ICE.BRN,D,31/03/17,000000,53.0400000,53.7700000,52.6000000,53.6200000,211716
ICE.BRN,D,02/04/17,000000,53.6200000,53.6300000,53.4600000,53.4800000,659
ICE.BRN,D,03/04/17,000000,53.5000000,53.7400000,53.0300000,53.1000000,123567
ICE.BRN,D,04/04/17,000000,53.1800000,54.3800000,52.7300000,54.2600000,158286
ICE.BRN,D,05/04/17,000000,54.2200000,55.0900000,53.9700000,54.0100000,185600
ICE.BRN,D,06/04/17,000000,54.1300000,55.0000000,54.0200000,54.9000000,121444
ICE.BRN,D,07/04/17,000000,54.8800000,56.0800000,54.5700000,55.2600000,193763
ICE.BRN,D,09/04/17,000000,55.1900000,55.5200000,55.1900000,55.4200000,396
ICE.BRN,D,10/04/17,000000,55.4400000,56.0500000,55.2300000,56.0000000,131976
ICE.BRN,D,11/04/17,000000,56.0800000,56.3000000,55.4500000,56.2900000,155798
ICE.BRN,D,12/04/17,000000,56.2800000,56.6500000,55.5000000,55.6200000,165107
ICE.BRN,D,13/04/17,000000,55.6600000,56.0600000,55.5600000,55.6400000,112860
ICE.BRN,D,16/04/17,000000,55.5500000,55.7800000,55.5500000,55.6700000,503
ICE.BRN,D,17/04/17,000000,55.6500000,55.9800000,55.2900000,55.4800000,72483
ICE.BRN,D,18/04/17,000000,55.3900000,55.4800000,54.6100000,54.8200000,155422
ICE.BRN,D,19/04/17,000000,54.7800000,55.2000000,52.5800000,53.0800000,217130
ICE.BRN,D,20/04/17,000000,53.0900000,53.5500000,52.6800000,52.9900000,174646
ICE.BRN,D,21/04/17,000000,53.0000000,53.2900000,51.5700000,52.0500000,175783
ICE.BRN,D,23/04/17,000000,52.1100000,52.3600000,52.0700000,52.2000000,1192
ICE.BRN,D,24/04/17,000000,52.2200000,52.5700000,51.4200000,51.6100000,116993
ICE.BRN,D,25/04/17,000000,51.6000000,52.4500000,51.3000000,52.4200000,119055
ICE.BRN,D,26/04/17,000000,52.3200000,52.9500000,51.8500000,52.0700000,169679
ICE.BRN,D,27/04/17,000000,52.1100000,52.2800000,51.0100000,52.0700000,226586
ICE.BRN,D,28/04/17,000000,51.9500000,52.6000000,51.6200000,51.8900000,187574
ICE.BRN,D,30/04/17,000000,51.8800000,51.9400000,51.8100000,51.8500000,378
ICE.BRN,D,01/05/17,000000,51.8500000,51.9700000,51.2200000,51.4600000,77485
ICE.BRN,D,02/05/17,000000,51.3900000,52.1600000,50.1400000,51.1300000,216774
ICE.BRN,D,03/05/17,000000,50.9900000,51.1400000,50.2000000,50.6200000,201916
ICE.BRN,D,04/05/17,000000,50.5900000,50.7300000,48.1600000,48.3500000,319351
ICE.BRN,D,05/05/17,000000,48.4500000,49.6300000,46.6400000,49.4700000,307736
ICE.BRN,D,07/05/17,000000,49.2700000,49.5600000,49.2700000,49.4500000,777
ICE.BRN,D,08/05/17,000000,49.4500000,49.9200000,48.4800000,49.4500000,205200
ICE.BRN,D,09/05/17,000000,49.4400000,49.7200000,48.3900000,48.9900000,179665
ICE.BRN,D,10/05/17,000000,48.9500000,50.6300000,48.8100000,50.2800000,205586
ICE.BRN,D,11/05/17,000000,50.2800000,51.1600000,50.2500000,50.7700000,163314
ICE.BRN,D,12/05/17,000000,50.7600000,51.0900000,50.3300000,50.9100000,139073
ICE.BRN,D,14/05/17,000000,50.8400000,50.8600000,50.7400000,50.7600000,122
ICE.BRN,D,15/05/17,000000,50.7500000,52.6300000,50.7400000,51.8000000,191306
ICE.BRN,D,16/05/17,000000,51.8800000,52.3600000,51.1000000,51.2300000,154080
ICE.BRN,D,17/05/17,000000,51.2000000,52.6100000,51.0400000,52.0900000,191628
ICE.BRN,D,18/05/17,000000,52.1900000,52.7400000,51.1100000,52.5000000,196000
ICE.BRN,D,19/05/17,000000,52.5700000,53.8200000,52.5500000,53.8000000,166740
ICE.BRN,D,21/05/17,000000,53.8500000,54.0100000,53.8300000,54.0100000,1253
ICE.BRN,D,22/05/17,000000,54.0200000,54.3700000,53.6600000,53.7400000,160197
ICE.BRN,D,23/05/17,000000,53.8700000,54.4300000,53.2000000,54.1600000,148916
ICE.BRN,D,24/05/17,000000,54.1400000,54.6200000,53.6600000,53.8600000,164905
ICE.BRN,D,25/05/17,000000,54.1500000,54.6700000,51.0300000,51.6400000,298877
ICE.BRN,D,26/05/17,000000,51.7900000,52.6500000,51.0500000,52.5800000,159617
ICE.BRN,D,28/05/17,000000,52.5000000,52.8000000,52.5000000,52.6200000,268
ICE.BRN,D,29/05/17,000000,52.6300000,52.9600000,52.2100000,52.5600000,39031
ICE.BRN,D,30/05/17,000000,52.5900000,52.6900000,51.6000000,52.1900000,141097
ICE.BRN,D,31/05/17,000000,52.1800000,52.3200000,50.2100000,50.9800000,229161
ICE.BRN,D,01/06/17,000000,51.1700000,51.4500000,50.2300000,50.4000000,233568
ICE.BRN,D,02/06/17,000000,50.2300000,50.5200000,48.9500000,49.9500000,239811
ICE.BRN,D,04/06/17,000000,49.8700000,50.0900000,49.8700000,49.9500000,333
ICE.BRN,D,05/06/17,000000,49.9600000,50.7400000,49.0400000,49.4800000,170007
ICE.BRN,D,06/06/17,000000,49.5700000,50.3000000,49.0000000,49.9700000,179622
ICE.BRN,D,07/06/17,000000,49.9700000,50.1400000,47.9600000,48.2000000,256361
ICE.BRN,D,08/06/17,000000,48.2600000,48.6000000,47.5600000,47.8700000,201137
ICE.BRN,D,09/06/17,000000,47.7900000,48.5600000,47.4000000,48.3000000,159725
ICE.BRN,D,11/06/17,000000,48.0600000,48.3500000,48.0300000,48.3300000,289
ICE.BRN,D,12/06/17,000000,48.3300000,49.1500000,48.0100000,48.2700000,162424
ICE.BRN,D,13/06/17,000000,48.3200000,48.8200000,47.8700000,48.2300000,148570
ICE.BRN,D,14/06/17,000000,48.1800000,48.6900000,46.7400000,46.9000000,245841
ICE.BRN,D,15/06/17,000000,46.8000000,47.2000000,46.7000000,46.7900000,145329
ICE.BRN,D,16/06/17,000000,46.8200000,47.6100000,46.8100000,47.2700000,113395
ICE.BRN,D,18/06/17,000000,47.2100000,47.3400000,47.2100000,47.2500000,100
ICE.BRN,D,19/06/17,000000,47.2800000,47.7600000,46.7700000,46.8100000,124946
ICE.BRN,D,20/06/17,000000,46.9600000,47.2300000,45.4200000,45.8400000,195463
ICE.BRN,D,21/06/17,000000,45.8900000,46.6300000,44.3500000,44.7800000,206285
ICE.BRN,D,22/06/17,000000,44.8100000,45.7900000,44.5300000,45.2900000,140597
ICE.BRN,D,23/06/17,000000,45.2800000,45.7500000,45.0300000,45.6100000,82797
ICE.BRN,D,25/06/17,000000,45.7100000,46.1000000,45.7100000,45.9800000,903
ICE.BRN,D,26/06/17,000000,45.9600000,46.4200000,45.2600000,46.1400000,79215
ICE.BRN,D,27/06/17,000000,46.1000000,47.3000000,46.0000000,46.4600000,115491
ICE.BRN,D,28/06/17,000000,46.5400000,47.7000000,46.5400000,47.6600000,148517
ICE.BRN,D,29/06/17,000000,47.6100000,48.2700000,47.3400000,47.5000000,172035
ICE.BRN,D,30/06/17,000000,47.6000000,49.0000000,47.6000000,48.9400000,174771
ICE.BRN,D,02/07/17,000000,48.9500000,49.0000000,48.8600000,48.9200000,459
ICE.BRN,D,03/07/17,000000,48.9400000,49.7100000,48.5400000,49.6000000,145344
ICE.BRN,D,04/07/17,000000,49.6300000,49.9000000,49.2900000,49.6800000,68406
ICE.BRN,D,05/07/17,000000,49.6700000,49.8400000,47.0000000,48.3400000,240146
ICE.BRN,D,06/07/17,000000,48.2800000,49.1800000,47.7700000,47.9700000,201144
ICE.BRN,D,07/07/17,000000,47.7600000,47.7600000,46.2800000,46.9000000,222223
ICE.BRN,D,09/07/17,000000,47.0400000,47.0700000,46.8600000,46.8800000,350
ICE.BRN,D,10/07/17,000000,46.9500000,47.3800000,46.1100000,46.9900000,146808
ICE.BRN,D,11/07/17,000000,46.9900000,48.2100000,46.2900000,48.1000000,172128
ICE.BRN,D,12/07/17,000000,48.2100000,48.7900000,47.3500000,47.7100000,195304
ICE.BRN,D,13/07/17,000000,47.7000000,48.5300000,47.1800000,48.3700000,139758
ICE.BRN,D,14/07/17,000000,48.3700000,49.1100000,48.1500000,49.0900000,147488
ICE.BRN,D,16/07/17,000000,49.1400000,49.1400000,49.0100000,49.0300000,199
ICE.BRN,D,17/07/17,000000,49.0400000,49.2600000,48.3100000,48.3700000,113985
ICE.BRN,D,18/07/17,000000,48.4000000,49.4100000,48.2400000,48.7000000,143694
ICE.BRN,D,19/07/17,000000,48.7100000,49.8100000,48.5800000,49.5700000,165111
ICE.BRN,D,20/07/17,000000,49.6500000,50.1900000,49.1900000,49.2800000,155467
ICE.BRN,D,21/07/17,000000,49.3300000,49.6500000,47.8100000,47.9600000,164513
ICE.BRN,D,23/07/17,000000,47.9300000,48.0600000,47.9300000,48.0300000,270
ICE.BRN,D,24/07/17,000000,48.0200000,48.7700000,47.6800000,48.7100000,133619
ICE.BRN,D,25/07/17,000000,48.6400000,51.0300000,48.6300000,50.8400000,151370
ICE.BRN,D,26/07/17,000000,50.7400000,51.2000000,50.2300000,51.0100000,106689
ICE.BRN,D,27/07/17,000000,51.0000000,51.6700000,50.5800000,51.6300000,129752
ICE.BRN,D,28/07/17,000000,51.5800000,52.3500000,51.3300000,52.3200000,153419
ICE.BRN,D,30/07/17,000000,52.3800000,52.5100000,52.3400000,52.4300000,868
ICE.BRN,D,31/07/17,000000,52.4200000,52.9000000,51.7800000,52.6800000,182257
ICE.BRN,D,01/08/17,000000,52.7000000,52.9300000,50.8800000,51.4700000,200989
ICE.BRN,D,02/08/17,000000,51.3800000,52.4300000,51.1800000,52.2900000,184741
ICE.BRN,D,03/08/17,000000,52.2400000,52.8900000,51.7700000,51.9300000,160510
ICE.BRN,D,04/08/17,000000,51.9700000,52.5200000,51.4300000,52.4600000,150967
ICE.BRN,D,06/08/17,000000,52.3900000,52.5300000,52.3800000,52.4200000,104
ICE.BRN,D,07/08/17,000000,52.4200000,52.5300000,51.3700000,52.3000000,157288
ICE.BRN,D,08/08/17,000000,52.2400000,52.7300000,51.8200000,51.9900000,140942
ICE.BRN,D,09/08/17,000000,51.9900000,52.8500000,51.8100000,52.8200000,141519
ICE.BRN,D,10/08/17,000000,52.7200000,53.6400000,51.6700000,51.8200000,215117
ICE.BRN,D,11/08/17,000000,51.9400000,52.2800000,51.3000000,52.0500000,146409
ICE.BRN,D,13/08/17,000000,52.0200000,52.0500000,51.9700000,52.0500000,203
ICE.BRN,D,14/08/17,000000,52.0500000,52.3800000,50.5500000,50.6200000,160766
ICE.BRN,D,15/08/17,000000,50.6500000,51.1500000,50.0200000,51.0000000,164529
ICE.BRN,D,16/08/17,000000,50.9800000,51.4000000,50.1500000,50.4000000,157385
ICE.BRN,D,17/08/17,000000,50.4000000,51.1200000,50.0000000,50.8000000,165677
ICE.BRN,D,18/08/17,000000,50.8900000,52.9600000,50.7800000,52.8600000,190850
ICE.BRN,D,20/08/17,000000,52.9000000,52.9000000,52.7700000,52.8000000,53
ICE.BRN,D,21/08/17,000000,52.8100000,52.8500000,51.3000000,51.7000000,165857
ICE.BRN,D,22/08/17,000000,51.7800000,52.2800000,51.3900000,51.6700000,147615
ICE.BRN,D,23/08/17,000000,51.6800000,52.6300000,51.4500000,52.5200000,142490
ICE.BRN,D,24/08/17,000000,52.5500000,52.7100000,51.6100000,52.1300000,123758
ICE.BRN,D,25/08/17,000000,52.3000000,52.6800000,51.9100000,51.9100000,108861
ICE.BRN,D,27/08/17,000000,52.2600000,52.4400000,52.2500000,52.3500000,1416
ICE.BRN,D,28/08/17,000000,52.3500000,52.4100000,51.0700000,51.6100000,96309
ICE.BRN,D,29/08/17,000000,51.5400000,51.7900000,50.9800000,51.6000000,135093
ICE.BRN,D,30/08/17,000000,51.6500000,51.6900000,50.5200000,50.6700000,197737
ICE.BRN,D,31/08/17,000000,50.5300000,52.9000000,50.4900000,52.7700000,258068
ICE.BRN,D,01/09/17,000000,52.8400000,52.9500000,52.2400000,52.6900000,152091
ICE.BRN,D,03/09/17,000000,52.8500000,52.8500000,52.4300000,52.4400000,1065
ICE.BRN,D,04/09/17,000000,52.4500000,52.7900000,51.9900000,52.2000000,73820
ICE.BRN,D,05/09/17,000000,52.3000000,53.6600000,52.0900000,53.1900000,180615
ICE.BRN,D,06/09/17,000000,53.1600000,54.3100000,53.0900000,54.1700000,168636
ICE.BRN,D,07/09/17,000000,54.1300000,54.6700000,53.8900000,54.5000000,162378
ICE.BRN,D,08/09/17,000000,54.5400000,54.8700000,53.5700000,53.7500000,166923
ICE.BRN,D,10/09/17,000000,53.8200000,53.9600000,53.7800000,53.9000000,275
ICE.BRN,D,11/09/17,000000,53.9100000,54.1400000,53.0500000,53.9300000,139627
ICE.BRN,D,12/09/17,000000,53.7700000,54.4400000,53.4200000,54.2800000,122652
ICE.BRN,D,13/09/17,000000,54.1800000,55.2100000,54.0300000,55.0800000,140928
